{"cameraMode":{"drawMode":0,"name":"Shaded","section":"Shading Mode"},"sceneLighting":true,"audioPlay":false,"sceneViewState":{"showFog":true,"showMaterialUpdate":false,"showSkybox":true,"showFlares":true,"showImageEffects":true,"showParticleSystems":true},"in2DMode":false,"pivot":{"x":-7.318660736083984,"y":0.3435158133506775,"z":3.8326942920684816},"rotation":{"x":-0.2303910255432129,"y":-0.7578381896018982,"z":0.34830325841903689,"w":-0.5012845993041992},"size":14.814188003540039,"orthographic":false}