{"cameraMode":{"drawMode":0,"name":"Shaded","section":"Shading Mode"},"sceneLighting":true,"audioPlay":false,"sceneViewState":{"showFog":true,"showMaterialUpdate":false,"showSkybox":false,"showFlares":true,"showImageEffects":true,"showParticleSystems":true},"in2DMode":false,"pivot":{"x":0.19999998807907105,"y":0.6000000238418579,"z":0.0},"rotation":{"x":-0.2303910255432129,"y":-0.7578381896018982,"z":0.34830325841903689,"w":-0.5012845993041992},"size":3.0602939128875734,"orthographic":false}