{"cameraMode":{"drawMode":2,"name":"Shaded Wireframe","section":"Shading Mode"},"sceneLighting":false,"audioPlay":false,"sceneViewState":{"showFog":true,"showMaterialUpdate":false,"showSkybox":false,"showFlares":true,"showImageEffects":true,"showParticleSystems":true},"in2DMode":false,"pivot":{"x":0.4404635429382324,"y":11.244508743286133,"z":1.0855588912963868},"rotation":{"x":0.13944564759731294,"y":-0.8179934620857239,"z":0.22397911548614503,"w":0.5111507177352905},"size":55.777156829833987,"orthographic":false}