{"cameraMode":{"drawMode":2,"name":"Shaded Wireframe","section":"Shading Mode"},"sceneLighting":true,"audioPlay":false,"sceneViewState":{"showFog":true,"showMaterialUpdate":false,"showSkybox":true,"showFlares":true,"showImageEffects":true,"showParticleSystems":true},"in2DMode":false,"pivot":{"x":355.9255676269531,"y":192.875732421875,"z":-689.2802734375},"rotation":{"x":0.030811205506324769,"y":0.526762068271637,"z":0.0186056699603796,"w":-0.8492503762245178},"size":1.3822994232177735,"orthographic":false}