{"cameraMode":{"drawMode":2,"name":"Shaded Wireframe","section":"Shading Mode"},"sceneLighting":false,"audioPlay":false,"sceneViewState":{"showFog":true,"showMaterialUpdate":false,"showSkybox":false,"showFlares":true,"showImageEffects":true,"showParticleSystems":true},"in2DMode":false,"pivot":{"x":-30.48447036743164,"y":11.199570655822754,"z":1.4840245246887208},"rotation":{"x":0.13944564759731294,"y":-0.8179934620857239,"z":0.22397911548614503,"w":0.5111507177352905},"size":54.314029693603519,"orthographic":false}